post_id,post_date,is_published,email_sent_at,inbox_sent_at,type,audience,title,subtitle,podcast_url
186123118.prompting-isnt-the-skill-gap-judgment,,false,,,newsletter,everyone,,,
185373405.hvac-load-calculator,2026-01-22T02:19:57.808Z,true,,,page,everyone,HVAC Load Calculator,,
185365664.hvac-load-calculator-manual-j,2026-01-22T00:50:41.709Z,true,,,page,everyone,HVAC Load Calculator Manual J,,
185107800.ai-building-is-the-new-doom-scrolling,2026-01-27T14:02:39.290Z,true,2026-01-27T14:02:39.420Z,2026-01-27T14:02:39.420Z,newsletter,everyone,AI building is the new doom scrolling.,Same dopamine. Same avoidance. Better disguise.,
184989505.ai-chat-anchor-privacy-policy,2026-01-18T19:32:08.783Z,true,,,page,everyone,AI Chat Anchor - Privacy Policy,,
184388495.companies-cutting-pms-are-about-to,,false,,,newsletter,everyone,,,
182995276.what-150-downloads-and-zero-feedback,2026-01-13T15:02:35.377Z,true,2026-01-13T15:02:35.551Z,2026-01-13T15:02:35.551Z,newsletter,everyone,What 150 downloads and zero feedback taught me about product prioritization.,Building when nobody’s talking and you’re just guessing at what matters.,
182433524.you-built-for-the-person-who-approved,2026-01-20T15:01:44.095Z,true,2026-01-20T15:01:44.299Z,2026-01-20T15:01:44.299Z,newsletter,everyone,"You built for the person who approved the budget, not the person doing the work.",Why products fail when you optimize for the executive meeting instead of the daily user.,
181741877.your-2026-goals-will-fail-if-youre,2026-01-06T15:02:12.662Z,true,2026-01-06T15:02:12.863Z,2026-01-06T15:02:12.863Z,newsletter,everyone,Your 2026 goals will fail if you’re optimizing for the wrong metric.,Why most PMs plan for skill development when they should be planning for market positioning.,
181449196.product-party-year-three-in-review,2025-12-30T15:02:06.671Z,true,2025-12-30T15:02:06.875Z,2025-12-30T15:02:06.875Z,newsletter,everyone,Product Party: Year Three in Review.,What happens when the floor drops out and you build something anyway.,
179017168.part-3-what-building-a-mobile-app,2025-11-18T14:32:34.171Z,true,2025-11-18T14:32:35.876Z,2025-11-18T14:32:35.876Z,newsletter,everyone,Part 3: What building a mobile app taught me about being a better product person.,"Both apps went live within a week. The bookshelf scanner I cut in Part 1 is back. And I finally understand why developers say, ""it's not that simple.""",
177816041.leafed-discover-your-next-favorite,,false,,,page,everyone,,,
177786702.part-2-how-to-ship-a-mobile-app-aka,2025-11-11T14:31:11.045Z,true,2025-11-11T14:31:11.246Z,2025-11-11T14:31:11.246Z,newsletter,everyone,Part 2: How to ship a mobile app (aka The Submission Gauntlet).,I thought the hard part was behind me. Then Google hit me with 14 days of mandatory testing and essay questions that made me rethink everything.,
177786382.part-1-how-to-build-a-mobile-app,2025-11-04T14:03:41.349Z,true,2025-11-04T14:03:42.438Z,2025-11-04T14:03:42.438Z,newsletter,everyone,"Part 1: How to build a mobile app as a product person (stop prompting, start planning).",Cursor helped me build a chatbot and ML scanner in days. Knowing what NOT to ship took longer.,
177186203.the-planning-paradox-why-your-plans,2025-11-25T15:12:49.427Z,true,2025-11-25T15:12:49.613Z,2025-11-25T15:12:49.613Z,newsletter,everyone,"The Planning Paradox: Why your plans are useless, but planning isn't.",How the act of planning drives teams to launch while the plan itself becomes obsolete.,
176437198.leafed-privacy-policy,2025-10-17T17:56:21.963Z,true,,,page,everyone,Leafed - Privacy Policy,,
176339266.the-jobs-asking-for-5-years-of-experience,2025-10-28T15:02:24.325Z,true,2025-10-28T15:02:24.496Z,2025-10-28T15:02:24.496Z,newsletter,everyone,Your 15 years experience isn’t the problem. Where you’re looking is.,Senior PM hiring is surging in places you’re not looking. Here’s where to redirect your search.,
175062254.when-your-metrics-start-managing,2025-10-21T14:02:02.573Z,true,2025-10-21T14:02:02.772Z,2025-10-21T14:02:02.772Z,newsletter,everyone,When your metrics start managing you.,Why hitting your targets might mean you're losing.,
174839923.the-product-management-job-everyone,2025-10-07T13:05:20.811Z,true,2025-10-07T13:05:20.983Z,2025-10-07T13:05:20.983Z,newsletter,everyone,The product management job everyone wants might not exist.,Why successful companies distribute product work instead of hiring traditional product people.,
174567014.the-meeting-trap-how-we-turned-collaboration,2025-10-14T13:04:19.912Z,true,2025-10-14T13:04:20.071Z,2025-10-14T13:04:20.071Z,newsletter,everyone,The Meeting Trap: How we turned collaboration into procrastination.,Why 35 hours of monthly meetings might be the most expensive way to avoid real work.,
173973705.the-18-million-problem-hiding-in,2025-09-30T13:02:49.824Z,true,2025-09-30T13:02:49.928Z,2025-09-30T13:02:49.928Z,newsletter,everyone,The $18 million problem hiding in your tech stack.,How tool sprawl became the silent productivity killer that's costing organizations more than unused software licenses.,
173446288.your-stakeholders-arent-wrong-about,2025-09-16T15:30:31.470Z,true,2025-09-16T15:30:31.603Z,2025-09-16T15:30:31.603Z,newsletter,everyone,Your stakeholders aren't wrong about the problems.,Why the real challenge isn't identifying pain points - it's solving them in ways people will actually adopt.,
172910656.testing-my-first-product-with-real,2025-09-11T14:00:42.531Z,true,2025-09-11T14:00:42.663Z,2025-09-11T14:00:42.663Z,newsletter,everyone,Testing My First Product with Real Founders.,I'm looking for founders who'll help me turn an idea into something genuinely useful.,
172873965.solution-first-discovery-is-expensive,2025-09-09T15:03:10.394Z,true,2025-09-09T15:03:10.615Z,2025-09-09T15:03:10.615Z,newsletter,everyone,Solution-first discovery is expensive validation.,How to catch yourself before you build the wrong thing.,
171742797.why-product-people-cant-coast-through,2025-08-26T14:03:18.175Z,true,2025-08-26T14:03:18.325Z,2025-08-26T20:03:19.259Z,newsletter,everyone,Why Product People Can’t Coast Through the AI Transition.,"While 95% of AI initiatives stall, the companies that succeed will need a new type of product professional.",
171330869.your-corporate-experience-is-startup,2025-09-02T15:18:45.997Z,true,2025-09-02T15:18:46.094Z,2025-09-02T17:35:17.418Z,newsletter,everyone,Your corporate experience is startup currency.,How to reframe Fortune 500 skills for 0 > 1 environments.,
170478363.why-most-startup-advice-sounds-the,2025-08-19T12:31:31.249Z,true,2025-08-19T12:31:31.364Z,2025-08-19T13:04:38.449Z,newsletter,everyone,Why most startup advice sounds the same.,And what to do when you need guidance that actually fits your specific chaos.,
169303951.your-emotional-intelligence-is-sabotaging,2025-09-23T15:40:25.276Z,true,2025-09-23T15:40:26.000Z,2025-09-23T17:40:26.937Z,newsletter,everyone,Your emotional intelligence is sabotaging your career.,How to use emotional skills strategically without burning yourself out.,
169002652.newsletter-audits-for-indie-writers,2025-07-22T23:55:12.709Z,true,,,page,everyone,Newsletter Audits for Indie Writers & Startup Teams,,
168785967.product-party-sponsorship-kit,2025-07-20T15:54:00.831Z,true,,,page,everyone,Sponsorship Kit,,
168671482.pay-attention-to-your-passionate,2025-07-29T10:00:53.892Z,true,2025-07-29T10:00:54.139Z,2025-07-29T10:00:54.139Z,newsletter,everyone,Pay attention to your passionate edge cases.,Let's dig into why unconventional adoption patterns are career-making insights and not only problems to solve.,
168481417.design-debt-is-career-debt,2025-08-12T14:37:47.175Z,true,2025-08-12T14:37:47.343Z,2025-08-12T17:37:47.911Z,newsletter,everyone,Why design debt destroys reputations (and how to fix It).,The real cost of inheriting messy user experiences and practical ways to address them strategically.,
168340760.your-best-insights-come-before-you,2025-08-05T10:00:14.042Z,true,2025-08-05T10:00:14.185Z,2025-08-05T10:00:14.185Z,newsletter,everyone,The best validation happens before you write a single line of code.,Five ways to avoid expensive mistakes and career-limiting launches.,
167533108.you-dont-have-to-say-yes-to-everything,2025-07-15T10:01:27.508Z,true,2025-07-15T10:01:27.617Z,2025-07-15T10:01:27.617Z,newsletter,everyone,You don't have to say yes to everything to prove your worth.,Why strategic boundaries will save your PM career more than heroic effort.,
167529124.why-your-product-decisions-need-design,2025-07-22T10:00:58.192Z,true,2025-07-22T10:00:58.283Z,2025-07-22T10:00:58.283Z,newsletter,everyone,Why your product decisions need design expertise.,The hidden costs of letting business leaders design user experiences.,
166932977.why-your-power-users-are-your-biggest,2025-07-08T10:01:04.424Z,true,2025-07-08T10:01:04.513Z,2025-07-08T10:01:04.513Z,newsletter,everyone,Why your power users are your biggest product risk.,How optimizing for advanced users can alienate the majority of users.,
165347321.a-decision-making-blind-spot-were,2025-06-24T10:02:25.796Z,true,2025-06-24T10:02:25.926Z,2025-06-24T10:02:25.926Z,newsletter,everyone,A decision-making blind spot we're missing.,Why your users aren't just smaller versions of themselves on mobile.,
165127363.plot-twist-im-the-problem-user,2025-07-01T10:06:29.610Z,true,2025-07-01T10:06:29.707Z,2025-07-01T10:06:29.707Z,newsletter,everyone,Plot twist: I'm the problem user.,What Xbox cloud gaming taught me about feature blindness.,
165098451.should-we-root-for-ai,2025-06-17T10:00:31.474Z,true,2025-06-17T10:00:31.607Z,2025-06-17T10:00:31.607Z,newsletter,everyone,Should we root for AI?,Why pressing the gas on AI adoption might be the most human thing we can do - or our biggest professional blind spot.,
164880385.it-depends-isnt-a-cop-out,2025-06-10T10:02:59.281Z,true,2025-06-10T10:02:59.473Z,2025-06-10T10:02:59.473Z,newsletter,everyone,"""It depends"" isn't a cop-out.",It's the most honest answer in product management.,
164119307.are-you-paying-the-shadow-work-tax,2025-06-03T10:01:00.448Z,true,2025-06-03T10:01:00.541Z,2025-06-03T10:01:00.541Z,newsletter,everyone,Are you paying the Shadow Work Tax?,How to spot and address what your team isn't telling you about their work. ,
163779864.perfect-teams-dont-exist-thats-the,2025-05-27T10:01:54.081Z,true,2025-05-27T10:01:54.179Z,2025-05-27T10:01:54.179Z,newsletter,everyone,Perfect teams don't exist. That's the good news.,Four ways to measure real success when you stop chasing methodological purity.,
162782177.your-product-cant-see-itself,2025-05-20T10:01:27.041Z,true,2025-05-20T10:01:27.122Z,2025-05-20T10:01:27.122Z,newsletter,everyone,Your product can't see itself.,"Making instrumentation a planning tool, not an afterthought.",
162219328.product-party-media-kit,2025-04-26T19:56:00.465Z,true,,,page,everyone,Media Kit,,
162219249.product-party-terms-of-service,2025-04-26T19:48:26.853Z,true,,,page,everyone,Product Party - Terms of Service,,
162192924.finding-your-work-people,2025-04-29T10:02:17.517Z,true,2025-04-29T10:02:17.619Z,2025-04-29T10:02:17.619Z,newsletter,everyone,Finding your work people.,When Excel skills forge deeper connections than virtual happy hours.,
161730515.stop-shipping-features-start-delivering,2025-05-13T10:02:32.363Z,true,2025-05-13T10:02:32.479Z,2025-05-13T10:02:32.479Z,newsletter,everyone,Stop shipping features. Start delivering impact.,Transform your roadmap from a to-do list into a strategic impact plan.,
161231307.why-users-ignore-your-best-features,2025-05-06T10:02:32.847Z,true,2025-05-06T10:02:32.975Z,2025-05-06T10:02:32.975Z,newsletter,everyone,Why users ignore your best features. ,...and what the (Product Party) science says you should do about it.,
160659404.you-should-join-the-feature-diet,2025-04-22T10:02:26.321Z,true,2025-04-22T10:02:26.737Z,2025-04-22T10:02:26.737Z,newsletter,everyone,You should join the Feature Diet Club. ,"Trimming the product fat for leaner, more valuable digital experiences.",
160137581.from-friction-to-fuel-harnessing,2025-04-15T10:03:07.100Z,true,2025-04-15T10:03:07.215Z,2025-04-15T10:03:07.215Z,newsletter,everyone,From Friction to Fuel: Harnessing Conflict for Innovation.,A framework for turning team tension into breakthrough ideas.,
159818261.test-before-you-invest-the-pretotype,2025-04-08T10:03:19.496Z,true,2025-04-08T10:03:19.725Z,2025-04-08T10:03:19.725Z,newsletter,only_paid,Test Before You Invest: The Pretotype → Prototype → MVP Sequence.,Save months of development on features destined for the product graveyard.,
159352767.product-eq-the-skill-that-can-shape,2025-04-01T10:00:53.805Z,true,2025-04-01T10:00:53.891Z,2025-04-01T10:00:53.891Z,newsletter,everyone,Product EQ: The skill that can shape your career.,How emotional intelligence turns good product people into exceptional ones.,
159334330.the-anti-pattern-playbook,2025-03-25T10:01:23.762Z,true,2025-03-25T10:01:23.925Z,2025-03-25T10:01:23.925Z,newsletter,everyone,The Anti-Pattern Playbook.,Breaking free from the cycle of building things nobody wants.,
158378339.how-to-not-become-the-human-equivalent,2025-03-16T10:01:07.925Z,true,2025-03-16T10:01:08.025Z,2025-03-16T10:01:08.025Z,newsletter,everyone,How to: Not become the human equivalent of a floppy disk.,We need to start sorting out our next moves as product folks before we go extinct.,
157773616.the-finale-to-my-first-full-stack,2025-03-09T10:00:50.622Z,true,2025-03-09T10:00:50.719Z,2025-03-09T10:00:50.719Z,newsletter,everyone,The finale to my first full-stack project experience.,I built a full-stack golf course search platform and am sharing the details of my journey. ,
157490385.the-future-of-software-is-being-written,2025-03-02T05:06:40.356Z,true,2025-03-02T05:06:40.503Z,2025-03-02T05:06:40.503Z,newsletter,everyone,The future of software is being written in...COBOL? ,"Move aside, React. This week, we are deep diving into the wonderful world of a little software platform with a big heart - COBOL.",
157215609.practical-ways-i-am-using-ai-daily,2025-02-23T11:02:36.371Z,true,2025-02-23T11:02:36.456Z,2025-02-23T11:02:36.456Z,newsletter,everyone,Practical ways I am using AI daily. ,I share some of my favorite ways I am incorporating AI into my daily life. ,
156245881.the-no-code-revolution-for-product,2025-02-09T11:03:08.443Z,true,2025-02-09T11:03:08.552Z,2025-02-09T11:03:08.552Z,newsletter,everyone,The no-code revolution for product people. ,"This week, let's give a take on how we can tap in on the latest AI coding tech. ",
154829991.from-rickshaws-to-rural-banks-hidden,2025-01-22T11:01:02.190Z,true,2025-01-22T11:01:02.304Z,2025-01-22T11:01:02.304Z,newsletter,everyone,From rickshaws to rural banks: hidden product lessons.,Understanding your users' world can reveal what they really need.,
154279089.will-the-apple-vision-pro-survive,2025-01-15T11:00:57.859Z,true,2025-01-15T11:00:58.013Z,2025-01-15T11:00:58.013Z,newsletter,everyone,Will the Apple Vision Pro survive 2025?,Let's dig into the numbers from the past year and see what we can learn as product folks from Apple's rocky journey. ,
154278469.finding-your-way-modern-tools-for,2025-02-16T11:01:31.206Z,true,2025-02-16T11:01:31.349Z,2025-02-16T11:01:31.349Z,newsletter,everyone,Finding your way: modern tools for the modern job search.,Where technology meets purpose: reimagining the job search experience.,
153992855.are-you-fulfilled-by-the-work-you,2025-01-08T11:01:33.417Z,true,2025-01-08T11:01:33.532Z,2025-01-08T11:01:33.532Z,newsletter,everyone,Are you fulfilled by the work you are doing?,Three questions to ask yourself and how to small changes can make a big impact on your happiness.,
152940307.in-case-you-didnt-know-yet-perplexity,2024-12-18T11:01:16.557Z,true,2024-12-18T11:01:16.725Z,2024-12-18T11:01:16.725Z,newsletter,everyone,In case you didn't know yet - Perplexity AI is awesome,"This week, we put a Product Party lens to one of the fastest growing search engines. ",
152814961.tap-into-lessons-from-paid-content,2025-01-01T11:01:56.485Z,true,2025-01-01T11:01:56.596Z,2025-01-01T11:01:56.596Z,newsletter,everyone,Tap into lessons from paid content creators,Why do some ideas get attention and others don’t? Let's dive into how to use what works in your day-to-day. ,
152798333.what-makes-content-truly-valuable,2024-12-08T16:27:07.320Z,false,2024-12-08T16:27:07.409Z,2024-12-08T16:27:07.409Z,adhoc_email,only_paid,What makes content truly valuable to you?,I’m exploring how to make Product Party as valuable and impactful as possible for readers like you.,
152759037.amazon-alexa-a-lesson-in-product,2024-12-11T11:00:43.961Z,true,2024-12-11T11:00:44.050Z,2024-12-11T11:00:44.050Z,newsletter,everyone,Amazon Alexa: A lesson in product failure.,Build better products by learning from Amazon Alexa's mistakes.,
152579665.podcast-episode-3-five-ways-to-get,2024-12-08T11:00:45.429Z,true,2024-12-08T11:00:45.709Z,2024-12-08T11:00:45.709Z,podcast,everyone,Podcast Episode 3: Five ways to get work done faster,Click to listen to this week's podcast. ,
152289062.five-ways-to-get-work-done-faster,2024-12-04T11:01:07.550Z,true,2024-12-04T11:01:07.641Z,2024-12-04T11:01:07.641Z,newsletter,everyone,Five ways to get work done faster,"We promise we only use the word ""streamlining"" once in this post. ",
152157575.lessons-from-helping-teams-do-more,2024-11-27T11:01:57.154Z,true,2024-11-27T11:01:57.233Z,2024-11-27T11:01:57.233Z,newsletter,everyone,Lessons from helping teams do more with less.,Three questions to ask anytime you join a new team/company as a product person. ,
152144322.product-party-year-two-in-review,2024-12-25T11:00:53.371Z,true,2024-12-25T11:00:53.469Z,2024-12-25T11:00:53.469Z,newsletter,everyone,Product Party - Year Two in Review,2024 was an amazing year. I share the how we did this year and the goals for 2025. ,
151902472.product-management-ai-and-the-illusion,2024-11-21T11:03:06.127Z,true,2024-11-21T11:03:06.232Z,2024-11-21T11:03:06.232Z,newsletter,everyone,Product management + AI (and the illusion of efficiency).,This week: We hit on some of the drawbacks of relying too heavily on AI in your product world. ,
151035237.giving-back-to-the-community-in-a,2024-11-13T11:03:05.249Z,true,2024-11-13T11:03:05.436Z,2024-11-13T11:03:05.436Z,newsletter,everyone,"Giving back to the community in a ""product"" kind of way. ",This week: I start to explore pro bono consulting for nonprofits and start-ups. ,
150757761.three-things-i-appreciate-more-now,2024-11-01T10:02:14.240Z,true,2024-11-01T10:02:14.332Z,2024-11-01T10:02:14.332Z,newsletter,everyone,Three things I appreciate more now that I'm coding. ,This week: I now understand why you all hate updating JIRA. ,
150532793.week-1-recap-building-out-my-first,2024-10-25T10:01:18.169Z,true,2024-10-25T10:01:18.247Z,2024-10-25T10:01:18.247Z,newsletter,everyone,Week 1 Recap: Building Out My First Full-Stack Project.,This week: I break down the progress I've made so far with my ongoing learning project. ,
150361603.building-out-my-first-full-stack,2024-10-18T10:02:40.635Z,true,2024-10-18T10:02:40.770Z,2024-10-18T10:02:40.770Z,newsletter,everyone,Building out my first full-stack project.,This week: I'm sharing my upcoming journey of learning to become a full-stack developer.,
149892039.your-developers-can-steer-you-right,2024-10-11T10:03:43.362Z,true,2024-10-11T10:03:43.585Z,2024-10-11T10:03:43.585Z,newsletter,everyone,Your developers can steer you right.,This week: We dig into how trusting development teams can help build stronger products. ,
149590200.podcast-episode-2-testing-hypotheses,2024-10-04T10:31:44.530Z,true,2024-10-04T10:31:44.661Z,2024-10-04T10:31:44.661Z,podcast,everyone,Podcast Episode 2: Testing Hypotheses Without Building a Thing.,Click to listen!,
149588729.testing-hypotheses-without-building,2024-10-04T10:03:47.359Z,true,2024-10-04T10:03:47.460Z,2024-10-04T10:03:47.460Z,newsletter,everyone,Testing Hypotheses Without Building a Thing.,This week: Let's talk about leveraging AI for testing new product ideas.,
149545465.podcast-episode-1-is-ai-making-saas,2024-09-28T23:08:27.082Z,true,2024-09-28T23:08:27.192Z,2024-09-28T23:08:27.192Z,podcast,everyone,Podcast Episode 1: Is AI making SaaS obsolete?,The future of AI is...making podcasts?,
149264466.five-books-that-have-shaped-my-career,2024-09-27T10:02:01.283Z,true,2024-09-27T10:02:01.402Z,2024-09-27T10:02:01.402Z,newsletter,everyone,Five books that have shaped my career. ,This week we dig into some great books you can read to level up your career. ,
148769879.is-ai-making-saas-obsolete,2024-09-13T10:00:01.406Z,true,2024-09-13T10:00:01.779Z,2024-09-13T10:00:01.779Z,newsletter,everyone,Is AI making SaaS obsolete?,This week: We discuss companies shifting away from SaaS thanks to AI and SaaS companies need to evolve with the times. ,
148498532.human-empathy-still-reigns-supreme,2024-09-06T10:01:02.165Z,true,2024-09-06T10:01:02.307Z,2024-09-06T10:01:02.307Z,newsletter,everyone,Human empathy still reigns supreme over AI (for now).,This week: We dig deep into humanity and how we still have the leg up on AI in the product space. ,
148157989.tearing-down-fantasypros,2024-08-28T10:02:21.635Z,true,2024-08-28T10:02:21.736Z,2024-08-28T10:02:21.736Z,newsletter,everyone,Tearing down: FantasyPros.,This week: 'Tis the season for fantasy football. Let's check out FantasyPros and see how it could help you win your league this year. ,
147687335.how-are-intelligent-tools-reshaping,2024-08-14T10:01:07.504Z,true,2024-08-14T10:01:07.570Z,2024-08-14T10:01:07.570Z,newsletter,everyone,How are intelligent tools reshaping the role of product?,This week: Let's review some platforms offering AI features and how they could shape the future of our product careers. ,
147426835.balancing-automation-with-human-touch,2024-08-21T10:01:41.344Z,true,2024-08-21T10:01:41.467Z,2024-08-21T10:01:41.467Z,newsletter,everyone,Balancing automation with human touch.,This week: Let's dig into how we should use AI to enhance the human elements of your product experience. ,
147178832.listen-and-adapt-to-your-customers,2024-08-07T10:02:15.089Z,true,2024-08-07T10:02:15.906Z,2024-08-07T10:02:15.906Z,newsletter,everyone,Listen and adapt to your customer's needs.,This week's topic: we dig into how Twilio embraced their customers evolution to forge their own path.,
146969549.what-is-the-role-of-ai-in-improving,2024-07-31T10:00:55.302Z,true,2024-07-31T10:00:55.395Z,2024-07-31T10:00:55.395Z,newsletter,everyone,What is the role of AI in improving our work-life balance?,This week's topic: We cover how a shift to outcome based performance leveraging AI could change the game for our workforces.,
146847756.navigating-shifts-and-transformations,2024-07-24T10:00:54.833Z,true,2024-07-24T10:00:54.953Z,2024-07-24T10:00:54.953Z,newsletter,everyone,Navigating Shifts and Transformations.,This week's topic: How can we best prepare for and adjust our course when big changes hit our company?,
146486071.navigating-the-highs-and-lows,2024-07-17T10:01:05.405Z,true,2024-07-17T10:01:05.542Z,2024-07-17T10:01:05.542Z,newsletter,everyone,Navigating the highs and lows.,This week's topic: Working in a big company where you're facing some struggles? We dig into some ideas on how to get through the tough times. ,
146184722.need-help-ask-for-it,2024-07-10T10:02:31.050Z,true,2024-07-10T10:02:31.161Z,2024-07-10T10:02:31.161Z,newsletter,everyone,Need help? Ask for it.,This week's topic: The underappreciated power of asking for help. ,
145895488.recognizing-when-its-time-to-pivot,2024-06-26T09:59:54.819Z,true,2024-06-26T09:59:54.931Z,2024-06-26T09:59:54.931Z,newsletter,everyone,Recognizing When It’s Time to Pivot.,This week’s topic: Sometimes things don’t go as planned. Understanding when to pivot can save you from stress in the long run. ,
145807807.the-intersection-of-creativity-and,2024-07-03T10:02:48.896Z,true,2024-07-03T10:02:48.992Z,2024-07-03T10:02:48.992Z,newsletter,everyone,The intersection of creativity and analytics.,"This week, we explore the cross-section between creativity and analytics in product.",
145538348.rediscover-joy-in-your-product-work,2024-06-19T10:00:38.211Z,true,2024-06-19T10:00:38.383Z,2024-06-19T10:00:38.383Z,newsletter,everyone,Rediscover joy in your (product) work.,This week: We walk through a simple guide to loving what you do. ,
145202742.will-ai-flop-because-of-bad-product,2024-06-12T09:59:24.174Z,true,2024-06-12T09:59:24.270Z,2024-06-12T09:59:24.270Z,newsletter,everyone,Will AI flop because of bad product management?,"This week, we dig into the influence of product in the AI space. ",
145102842.chatgpt-transformed-my-backyard,2024-06-05T09:59:58.095Z,true,2024-06-05T09:59:58.175Z,2024-06-05T09:59:58.175Z,newsletter,everyone,ChatGPT transformed my backyard.,Golf course green lawns thanks to ChatGPT? Anything is possible.,
144891847.dont-forget-about-your-mental-health,2024-05-29T09:59:50.387Z,true,2024-05-29T09:59:50.452Z,2024-05-29T09:59:50.452Z,newsletter,everyone,Don't forget about your mental health.,This week we dig into mental health and it's role in product management. ,
144706408.post-traumatic-growth-in-product,2024-05-22T10:02:19.588Z,true,2024-05-22T10:02:19.680Z,2024-05-22T10:02:19.680Z,newsletter,everyone,Post-traumatic growth in product.,This week we tie some concepts in psychology to our careers. ,
144589678.the-challenger-sale-approach-to-product,2024-05-15T10:05:43.320Z,true,2024-05-15T10:05:43.402Z,2024-05-15T10:05:43.402Z,newsletter,everyone,The Challenger Sale approach to product. ,This week we dig into how an influential sales book can help you in your product life. ,
144372900.tearing-down-transformed-by-marty,2024-05-08T10:01:49.292Z,true,2024-05-08T10:01:49.350Z,2024-05-08T10:01:49.350Z,newsletter,everyone,Tearing Down: Transformed by Marty Cagan.,This week we deep dive into Marty Cagan’s latest entry into the product world. ,
144046887.how-to-clean-up-a-backlog,2024-05-01T10:05:33.438Z,true,2024-05-01T10:05:33.619Z,2024-05-01T10:05:33.619Z,newsletter,everyone,How to: clean up a backlog.,Looking to do some spring cleaning on that backlog? We got your back. ,
143785488.on-the-job-hunt-startup-edition,2024-04-24T10:01:39.200Z,true,2024-04-24T10:01:39.264Z,2024-04-24T10:01:39.264Z,newsletter,everyone,On the job hunt: Startup edition.,Looking for a new job and considering a startup? You may want to consider a few things.,
143303331.not-every-product-idea-is-a-good,2024-04-10T10:02:17.869Z,true,2024-04-10T10:02:17.961Z,2024-04-10T10:02:17.961Z,newsletter,everyone,Not every product idea is a good idea. ,"Navigating the ""everyone has an idea"" style of backlog management.",
143115030.the-nownextlater-approach-to-road,2024-04-03T10:00:47.340Z,true,2024-04-03T10:00:47.397Z,2024-04-03T10:00:47.397Z,newsletter,everyone,The Now/Next/Later approach to road mapping.,We are big fans of changing up your roadmap - let's go over why.,
142797778.the-future-of-product-management,2024-03-27T10:00:36.335Z,true,2024-03-27T10:00:36.401Z,2024-03-27T10:00:36.401Z,newsletter,everyone,Product and the world of certifications.,Will companies start to offer free certifications in their hiring strategies? ,
142708312.10-ways-to-improve-onboarding-in,2024-03-20T10:01:25.488Z,true,2024-03-20T10:01:25.563Z,2024-03-20T10:01:25.563Z,newsletter,everyone,10 ways to improve onboarding in your product. ,Want some ideas on boosting your onboarding experience? Check out these tips.,
142266126.trends-in-product-2024-edition,2024-03-13T10:01:02.203Z,true,2024-03-13T10:01:02.255Z,2024-03-13T10:01:02.255Z,newsletter,everyone,Trends in Product - 2024 edition.,,
141834280.the-journey-to-a-value-centric-product,2024-03-06T11:01:04.980Z,true,2024-03-06T11:01:05.044Z,2024-03-06T11:01:05.044Z,newsletter,everyone,The journey to a value-centric product life. ,A simplified guide to enhance your approach to product development.,
141714961.become-an-ux-army-of-one-ish,2024-02-28T12:00:28.953Z,true,2024-02-28T12:00:29.005Z,2024-02-28T12:00:29.005Z,newsletter,everyone,Become an UX army of one-ish.,Short on UI/UX team members? Just do it yourself!,
141217782.social-responsibility-in-product,2024-02-21T11:00:34.072Z,true,2024-02-21T11:00:34.157Z,2024-02-21T11:00:34.157Z,newsletter,everyone,Social responsibility in product. ,Let's cover how to incorporate social responsibility into your product life. ,
141033121.learning-from-my-biggest-failure,2024-02-14T11:00:30.753Z,true,2024-02-14T11:00:30.836Z,2024-02-14T11:00:30.836Z,newsletter,everyone,Learning from my biggest failure.,How I learned from a rollout flop and turned it into a success.,
140945828.5-steps-i-use-to-identify-a-feature,2024-02-07T11:01:14.520Z,true,2024-02-07T11:01:14.628Z,2024-02-07T11:01:14.628Z,newsletter,everyone,Five steps I use to identify a feature.,Let's talk about a quick way you can use to figure out what your team should build.,
140706272.innovateor-die,2024-01-31T13:48:12.628Z,true,2024-01-31T13:48:12.730Z,2024-01-31T13:48:12.730Z,newsletter,everyone,Innovate...or die!,Let's talk about fostering a culture of innovation. ,
140423693.mastering-the-art-of-managing-up,2024-01-24T11:00:09.067Z,true,2024-01-24T11:00:09.158Z,2024-01-24T11:00:09.158Z,newsletter,everyone,"Mastering the art of ""managing up."" ",5 tips on how to improve your work life through guiding your leadership. ,
140303859.overcoming-challenges-in-product,2024-01-17T11:00:14.168Z,true,2024-01-17T11:00:14.252Z,2024-01-17T11:00:14.252Z,newsletter,everyone,Overcoming Challenges in Product Development.,Communication and listening will help lead the way to your product success. ,
140297628.leveraging-the-70-rule-in-product,2024-01-10T11:00:57.903Z,true,2024-01-10T11:00:57.990Z,2024-01-10T11:00:57.990Z,newsletter,everyone,Leveraging the 70% Rule in Product Management.,"Make decisions with partial info for faster, flexible action in product management.",
140208257.my-2024-work-goals,2024-01-03T11:00:30.892Z,true,2024-01-03T11:00:30.984Z,2024-01-03T11:00:30.984Z,newsletter,everyone,My 2024 Work Goals.,"Whether they are big or small, goal setting is a key to unlocking great change. ",
139371595.product-party-a-year-in-review,2023-12-06T11:01:15.491Z,true,2023-12-06T11:01:15.657Z,2023-12-06T11:01:15.657Z,newsletter,everyone,Product Party - a Year in Review.,We've been up and running for a year. Let's retro on the experience. ,
139184438.creating-the-right-narrative-is-everything,2023-11-29T11:01:35.344Z,true,2023-11-29T11:01:35.399Z,2023-11-29T11:01:35.399Z,newsletter,everyone,Creating the right narrative is everything. ,Let's talk about how you can create the best narrative for your products. ,
138878135.never-underestimate-the-strength,2023-11-16T11:00:29.300Z,true,2023-11-16T11:00:30.115Z,2023-11-16T11:00:30.115Z,newsletter,everyone,Never underestimate the strength of team. ,Let's cover five key insights for building strong team relationships and fostering innovation.,
138471989.how-to-become-a-cross-functional,2023-11-01T10:01:09.401Z,true,2023-11-01T10:01:09.468Z,2023-11-01T10:01:09.468Z,newsletter,everyone,How to become a cross-functional superstar. ,Let's cover three ways Product people can build stronger trust through boosting cross-functional collaboration. ,
137526646.3-core-concepts-for-product-people,2023-10-04T10:00:33.851Z,true,2023-10-04T10:00:33.952Z,2023-10-04T10:00:33.952Z,newsletter,everyone,3 core concepts for Product people to master. ,Taruna Manchada dropped a gem that still has relevance years later. Let's dig into it.,
137131999.do-we-really-need-to-be-technical,2023-09-20T10:00:38.452Z,true,2023-09-20T10:00:39.267Z,2023-09-20T10:00:39.267Z,newsletter,everyone,Do we REALLY need to be technical product managers?,"Non-techy PM’s aren’t so bad. We have super powers too, you know. ",
136849660.dont-forget-to-punch-your-time-clock,2023-09-09T10:09:16.824Z,true,2023-09-09T10:09:16.960Z,2023-09-09T10:09:16.960Z,newsletter,everyone,Don't forget to punch your time clock at the feature factory. ,"After a little summer break, we're back and ready to party. ",
135600866.how-are-those-2023-predictions-working,2023-10-18T10:02:51.079Z,true,2023-10-18T10:02:51.172Z,2023-10-18T10:02:51.172Z,newsletter,everyone,How are those 2023 predictions working out?,"As we're rounding out Q4, we take a look at some predictions made about the product space to see how they're going so far. ",
135359508.threads-x-lessons-in-crappy-product,2023-08-14T10:09:04.678Z,true,2023-08-14T10:09:04.798Z,2023-08-14T10:09:04.798Z,newsletter,everyone,Threads? X? Lessons in crappy product launches.,"This week's topic: With a few big social platforms launching/re-branding, let's review the lessons learned with poor product launches.",
135358174.the-battle-between-remote-and-in-96c,2023-07-27T10:00:25.788Z,true,2023-07-27T10:00:25.902Z,2023-07-27T10:00:25.902Z,newsletter,everyone,The battle between remote and in-person work. Part 2. ,This week's topic continued: Digging into the benefits of face time with your team. ,
135213406.the-battle-between-remote-and-in,2023-07-25T10:01:19.716Z,true,2023-07-25T10:01:19.779Z,2023-07-25T10:01:19.779Z,newsletter,everyone,The battle between remote and in-person work. Part 1. ,This week's topic: You may (unfortunately) need to make your way into the office to make work suck less. ,
134522420.implementing-agile-processes-in-traditional,2023-07-17T10:01:16.534Z,true,2023-07-17T10:01:17.157Z,2023-07-17T10:01:17.157Z,newsletter,everyone,Implementing Agile Processes in Traditional Workplaces: A Case Study.,This week's topic: Tips on convincing your coworkers that it's not 2005 and that they should embrace some change in their software delivery. ,
133096828.youve-adopted-new-product-management,2023-07-10T10:00:48.396Z,true,2023-07-10T10:00:48.455Z,2023-07-10T10:00:48.455Z,newsletter,everyone,You've adopted new product management processes. Now what?,This week's topic: How to improve and expand product management related processes within your org.,
131689684.become-an-internal-product-management,2023-07-03T10:01:09.215Z,true,2023-07-03T10:01:09.274Z,2023-07-03T10:01:09.274Z,newsletter,everyone,Become an internal product management legend.,This week's topic: Building better internal products with a user-centric approach.,
129535118.a-product-persons-guide-to-improving,2023-06-26T10:00:58.765Z,true,2023-06-26T10:00:58.828Z,2023-06-26T10:00:58.828Z,newsletter,everyone,A Product Person's Guide to Improving Your Product Org - the Non-Leader Edition.,This week's topic: Exploring strategies to use effective communication to improve your product team(s).,
128273496.how-do-you-decide-which-features,2023-06-19T10:01:05.668Z,true,2023-06-19T10:01:05.742Z,2023-06-19T10:01:05.742Z,newsletter,everyone,How do you decide which features to build?,This week's topic: Offering things to consider when deciding the roadmap for your product(s).,
127007753.mastering-product-marketing-change,2023-06-12T10:01:42.053Z,true,2023-06-12T10:01:42.116Z,2023-06-12T10:01:42.116Z,newsletter,everyone,"Mastering Product Marketing, Change, and Feedback.",Today's topic: Focusing on marketing your product is the bridge to making people love your product.,
124661654.unleashing-data-analysis-for-product,2023-05-30T10:05:59.984Z,true,2023-05-30T10:06:00.053Z,2023-05-30T10:06:00.053Z,newsletter,everyone,Unleashing Data Analysis for Product.,This week's topic: Let's go over the benefits of using/creating data to help feed your backlog. ,
122707959.lean-startup-in-the-corporate-jungle,2023-05-22T10:01:44.481Z,true,2023-05-22T10:01:44.566Z,2023-05-22T10:01:44.566Z,newsletter,everyone,Lean Startup in the Corporate Jungle.,This week's topic: We explore an interesting paradox: the application of lean startup principles in large and traditionally slow-moving organizations.,
120994224.overcoming-lack-of-clarity-in-product,2023-05-15T10:01:41.926Z,true,2023-05-15T10:01:42.011Z,2023-05-15T10:01:42.011Z,newsletter,everyone,Overcoming Lack of Clarity in Product Vision and Strategy.,Success can still be found - even through all the chaos.,
115931223.the-hidden-dangers-of-your-fancy,2023-04-24T10:00:52.569Z,true,2023-04-24T10:00:52.733Z,2023-04-24T10:00:52.733Z,newsletter,everyone,The hidden dangers of your fancy AI tools.,Can't get enough of ChatGPT? There might be a few things to think about before going on your next prompting spree. ,
113883411.the-boomer-paradox,2023-04-17T10:01:20.314Z,true,2023-04-17T10:01:20.389Z,2023-04-17T10:01:20.389Z,newsletter,everyone,The Boomer Paradox. ,In this week’s newsletter: Discussing Baby Boomers' lasting impact on technology innovation. ,
112715425.tearing-down-a-product-with-chatgpt,2023-04-10T10:03:44.886Z,true,2023-04-10T10:03:44.994Z,2023-04-10T10:03:44.994Z,newsletter,everyone,Tearing down a product with ChatGPT.,"This week's topic: I’m exploring additional ways to use ChatGPT daily. This week, I will tear down an app I love to use called TradingView.",
111312153.i-too-built-an-app-with-chatgpt,2023-04-03T10:02:06.501Z,true,2023-04-03T10:02:06.574Z,2023-04-03T10:02:06.574Z,newsletter,everyone,"I, too, built an app with ChatGPT.",AWS? Floating cats? Sound effects? I did it all. ,
110293731.to-ship-or-not-to-ship-that-is-the,2023-03-27T10:05:43.868Z,true,2023-03-27T10:05:43.952Z,2023-03-27T10:05:43.952Z,newsletter,everyone,To ship or not to ship: That is the question. ,You see a light at the end of the tunnel for your release. Should you green light it?,
108642746.free-up-your-time-crush-the-time,2023-03-20T10:02:20.200Z,true,2023-03-20T10:02:20.272Z,2023-03-20T10:02:20.272Z,newsletter,everyone,Free up your time. Crush the Time Suckers.,Identify the things that are killing your bandwidth to free yourself up to do the fun stuff. ,
107400900.the-marvel-universe-versus-product,2023-05-08T10:00:58.309Z,true,2023-05-08T10:00:58.394Z,2023-05-08T10:00:58.394Z,newsletter,everyone,The Marvel Universe versus Product Managers.,This week's topic: Let's explore how some of our favorite Marvel characters can connect to the world of product.,
106806965.you-should-not-judge-you-should-understand,2023-03-13T10:00:53.548Z,true,2023-03-13T10:00:53.713Z,2023-03-13T10:00:53.713Z,newsletter,everyone,You should not judge; you should understand.,Let's go on a journey to grow your ability to empathize - at work and home.,
106240931.transitioning-into-the-life-a-product,2023-05-01T10:00:53.463Z,true,2023-05-01T10:00:53.522Z,2023-05-01T10:00:53.522Z,newsletter,everyone,Transitioning into the life a product person. ,This week we cover how to leverage your past life and skills to boost your product career.,
103938164.you-are-a-copy-and-paste-away-from,2023-03-06T11:00:37.041Z,true,2023-03-06T11:00:37.110Z,2023-03-06T11:00:37.110Z,newsletter,everyone,You are a copy and paste away from living the good life at work. ,ChatGPT is cool and you should totally use it for work. Get over the hump of trying it out and give yourself an amount of free time that feels like you're breaking the rules.,
102157336.will-ai-kill-the-internet,2023-02-20T11:06:55.723Z,true,2023-02-20T11:06:55.782Z,2023-02-20T11:06:55.782Z,newsletter,everyone,How to: Kill the internet.,"Answer engines are going to eat up your favorite websites and spit them out. Concisely, of course. ",
101261071.the-second-vice-is-lying-the-first,2023-02-27T11:08:05.552Z,true,2023-02-27T11:08:05.667Z,2023-02-27T11:08:05.667Z,newsletter,everyone,"The second vice is lying, the first is running in (tech) debt.",Ben Franklin had strong thoughts about debt. So does Product Party. Let's talk about it. ,
100303668.balancing-is-not-something-you-find,2023-02-13T11:01:37.904Z,true,2023-02-13T11:01:37.966Z,2023-02-13T11:01:37.966Z,newsletter,everyone,Balancing is not something you find. It's something you create.,What are some ways you can create some balance in your stakeholder relationships?,
97957736.there-is-no-failure-only-feedback,2023-01-30T11:01:36.104Z,true,2023-01-30T11:01:36.211Z,2023-01-30T11:01:36.211Z,newsletter,everyone,There is no failure. Only feedback.,How are you going to going to get that feedback and what are you going to do with it?,
97957637.how-did-the-bad-product-manager-get,2023-02-06T11:01:13.442Z,true,2023-02-06T11:01:13.565Z,2023-02-06T11:01:13.565Z,newsletter,everyone,How did the bad product manager get a job making butter?,They had a high churn rate. *Ba dum tsss!*,
96163017.every-time-you-stretch-a-fontsomewhere,2023-02-02T13:58:02.308Z,true,2023-02-02T13:58:02.381Z,2023-02-02T13:58:02.381Z,newsletter,everyone,Every time you stretch a font...somewhere a designer cries.,You may not be a designer but it doesn't mean you can't help make your product design better. ,
96037157.if-i-can-change-and-you-can-change,2023-01-26T11:01:01.297Z,true,2023-01-26T11:01:01.379Z,2023-01-26T11:01:01.379Z,newsletter,everyone,"""If I can change, and you can change...""","""...Everybody can change (management)!"" -Rocky Balboa",
94531493.increase-your-productivity-by-2754,2023-01-23T11:01:31.777Z,true,2023-01-23T11:01:31.854Z,2023-01-23T11:01:31.854Z,newsletter,everyone,"Increase your productivity by 2,754%.","If you're not measuring, how will you even know how awesome these boosting tips really were?",
94531432.product-managers-vs-flame-wielding,2023-01-19T11:01:02.232Z,true,2023-01-19T11:01:02.326Z,2023-01-19T11:01:02.326Z,newsletter,everyone,Product Managers vs. Flame wielding monkeys. ,How do you decide what our team should work on next?,
94488580.fighting-the-good-fight-against-imposter,2023-01-16T11:01:02.744Z,true,2023-01-16T11:01:02.859Z,2023-01-16T11:01:02.859Z,newsletter,everyone,Fighting the good fight against imposter syndrome.,Everyone feels it at some point. How will you get over it?,
94249398.your-coworkers-can-be-your-best-teachers,2023-01-12T11:01:13.372Z,true,2023-01-12T11:01:13.518Z,2023-01-12T11:01:13.518Z,newsletter,everyone,Your coworkers can be your best teachers.,Watch how other product people work and learn from them. ,
93975994.dont-forget-your-users-are-real-people,2023-01-09T11:03:58.030Z,true,2023-01-09T11:03:58.109Z,2023-01-09T11:03:58.109Z,newsletter,everyone,Don't forget. Your users are real people. ,User experience shouldn't just be a designer thing.,
93792585.a-product-manager-a-ui-designer-and,2023-01-05T11:02:48.840Z,true,2023-01-05T11:02:48.941Z,2023-01-05T11:02:48.941Z,newsletter,everyone,"A product manager, a UI designer, and a software developer walk into a bar.",What are some ways to build relationships at a new company?,
93783273.can-ai-dad-joke-better-than-me,2022-12-31T11:01:10.535Z,true,2022-12-31T11:01:10.754Z,2022-12-31T11:01:10.754Z,newsletter,everyone,Can AI dad joke better than me?,We put the Robot Overlords to the test.,
93658405.pick-an-analytics-tool-that-works,2023-01-02T11:00:32.195Z,true,2023-01-02T11:00:32.299Z,2023-01-02T11:00:32.299Z,newsletter,everyone,Product analytics tools: Pick your poison.,What is the best way to pick a product analytics tool for your situation?,
93625640.build-better-internal-products,2022-12-30T11:01:04.185Z,true,2022-12-30T11:01:04.419Z,2022-12-30T11:01:04.419Z,newsletter,everyone,Build Better Internal Products,How can product managers build better team member facing products?,
93584249.2023-goal-setting,2022-12-29T17:42:17.192Z,true,2022-12-29T17:42:17.255Z,2022-12-29T17:42:17.255Z,newsletter,everyone,2023 Goal Setting,What are some goals a product manager should consider when planning for the new year?,
93398612.does-my-dev-team-suck,2022-12-28T19:10:46.819Z,true,2022-12-28T19:10:46.898Z,2022-12-28T19:10:46.898Z,newsletter,everyone,Does my Dev team suck?,What can I do if I have an underperforming dev team building my product?,
93068901.5-predictions-for-tech-in-2023,2022-12-27T12:01:49.906Z,true,2022-12-27T12:01:50.008Z,2022-12-27T12:01:50.008Z,newsletter,everyone,5 Predictions for Tech in 2023,Which areas of tech will see the biggest changes in the coming year?,
93056877.staying-up-to-date-on-tech-trends,2022-12-26T22:01:40.870Z,true,2022-12-26T22:01:40.960Z,2022-12-26T22:01:40.960Z,newsletter,everyone,Staying up-to-date on Tech Trends as a PM,How can product managers stay up-to-date on the latest tech trends?,
92582420.3-office-upgrades-for-product-managers,2022-12-24T22:00:47.476Z,true,2022-12-24T22:00:47.552Z,2022-12-24T22:00:47.552Z,newsletter,everyone,3 Office Upgrades for Product Managers,What are the best upgrades I've made in my office to improve my day-to-day?,
92539847.dual-track-agile-is-underrated,2022-12-24T12:01:08.899Z,true,2022-12-24T12:01:08.994Z,2022-12-24T12:01:08.994Z,newsletter,everyone,Dual Track Agile is Underrated,What is the appeal to using the dual track delivery method?,
92506005.why-product-development-teams-fail,2022-12-23T23:01:03.510Z,true,2022-12-23T23:01:03.603Z,2022-12-23T23:01:03.603Z,newsletter,everyone,Why Product Development Teams Fail,What are the top 5 reasons why product development teams fail?,
92496064.using-chatgpt-to-write-user-stories,2022-12-23T15:00:42.267Z,true,2022-12-23T15:00:42.347Z,2022-12-23T15:00:42.347Z,newsletter,everyone,Using ChatGPT to Write User Stories,Can we use ChatGPT to write user stories from a description of Twitter?,
92371687.example-ai-written-self-assessment,2022-12-22T23:38:16.740Z,true,2022-12-22T23:38:16.842Z,2022-12-22T23:38:16.842Z,newsletter,everyone,Example: AI Written Self-Assessment,Can ChatGPT write my 2022 performance review?,
92323937.negotiating-product-salaries-with,2022-12-22T18:10:48.518Z,true,2022-12-22T18:10:48.623Z,2022-12-22T18:10:48.623Z,newsletter,everyone,Negotiating Product Salaries with Startups,What should a product manager consider when negotiating salary with a startup?,
92188848.top-10-books-on-user-research,2022-12-22T02:40:01.210Z,true,2022-12-22T02:40:01.309Z,2022-12-22T02:40:01.309Z,newsletter,everyone,Top 10 Books on User Research,What are the top 10 books about user research per ChatGPT?,
91930152.adding-product-discovery-to-an-organization,2022-12-20T20:37:46.780Z,true,2022-12-20T20:37:46.891Z,2022-12-20T20:37:46.891Z,video,everyone,Adding Product Discovery to an Organization,How can product managers begin using product discovery in an organization that has never had product managers?,
91468920.product-led-growth-transformation,2022-12-18T19:20:14.457Z,true,2022-12-18T19:20:14.605Z,2022-12-18T19:20:14.605Z,newsletter,everyone,Product-Led Growth Transformation in 2023,6 Ways to Transform into a Product-Led Growth Company in the New Year,
90924453.superapps-and-finding-product-market,2022-12-15T20:24:39.882Z,true,2022-12-15T20:24:39.953Z,2022-12-15T20:24:39.953Z,newsletter,everyone,Superapps and Finding Product Market Fit,How do product managers can find product market fit for superapps?,
90922130.adaptive-ai-and-the-impact-on-product,2022-12-15T20:10:42.638Z,true,2022-12-15T20:10:42.741Z,2022-12-15T20:10:42.741Z,newsletter,everyone,Adaptive AI and the impact on Product,How will product managers leverage adaptive AI in the future?,
90918779.applied-observability-in-product,2022-12-15T19:47:03.102Z,true,2022-12-15T19:47:03.190Z,2022-12-15T19:47:03.190Z,newsletter,everyone,Applied Observability in Product,How does applied observability impact product management?,
90895651.when-to-avoid-data-driven-decisions,2022-12-15T17:38:40.397Z,true,2022-12-15T17:38:40.519Z,2022-12-15T17:38:40.519Z,newsletter,everyone,When to Avoid Data-Driven Decisions in Product,When should product managers avoid using data to make decisions?,
90748860.using-customer-experience-scores,2022-12-15T00:53:23.923Z,true,2022-12-15T00:53:24.008Z,2022-12-15T00:53:24.008Z,newsletter,everyone,Using Customer Experience Scores in Product Management,What are the benefits of a customer experience score for product managers?,
90747833.challenges-in-b2c-user-research,2022-12-15T00:46:04.701Z,true,2022-12-15T00:46:04.828Z,2022-12-15T00:46:04.828Z,newsletter,everyone,Challenges in B2C User Research,What are the challenges faced researching user experience in a business to consumer environment?,
90747025.product-management-in-finance,2022-12-15T00:39:15.314Z,true,2022-12-15T00:39:15.480Z,2022-12-15T00:39:15.480Z,newsletter,everyone,Product Management in Finance,What is the biggest challenge product managers facing in the finance space?,
90746357.product-management-in-large-corporation,2022-12-15T00:32:55.131Z,true,2022-12-15T00:32:55.213Z,2022-12-15T00:32:55.213Z,newsletter,everyone,Product Management in Large Corporations,What are the challenges product managers face in large corporations?,
90681613.product-management-and-ai,2022-12-14T18:29:48.110Z,true,2022-12-14T18:29:48.212Z,2022-12-14T18:29:48.212Z,newsletter,everyone,Product Management and AI,How will product management change due to artificial intelligence?,
82736439.hello-there,2022-11-05T15:33:29.561Z,true,2022-11-05T15:33:30.097Z,2022-11-05T15:33:30.097Z,newsletter,everyone,Hello there.,,
